-1.940729980468749893e+00,-1.008300781250000000e-01,5.185546875000000000e-01,4.418945312500000000e-02,2.802734375000000000e-01
-1.908362304687498678e-01,-1.008300781250000000e-01,5.185546875000000000e-01,4.418945312500000000e-02,2.802734375000000000e-01
-1.940729980468749893e+00,-1.135253906250000000e-01,5.185546875000000000e-01,4.418945312500000000e-02,2.802734375000000000e-01
-1.940729980468749893e+00,-1.008300781250000000e-01,8.994140625000000000e-01,4.418945312500000000e-02,2.802734375000000000e-01
-1.940729980468749893e+00,-1.008300781250000000e-01,5.185546875000000000e-01,2.441406250000000000e-04,2.802734375000000000e-01
-1.940729980468749893e+00,-1.008300781250000000e-01,5.185546875000000000e-01,4.418945312500000000e-02,6.933593750000000000e-02
-1.940729980468749893e+00,-1.135253906250000000e-01,8.994140625000000000e-01,2.441406250000000000e-04,6.933593750000000000e-02
-1.908362304687498678e-01,-1.008300781250000000e-01,8.994140625000000000e-01,2.441406250000000000e-04,6.933593750000000000e-02
-1.908362304687498678e-01,-1.135253906250000000e-01,5.185546875000000000e-01,2.441406250000000000e-04,6.933593750000000000e-02
-1.908362304687498678e-01,-1.135253906250000000e-01,8.994140625000000000e-01,4.418945312500000000e-02,6.933593750000000000e-02
-1.908362304687498678e-01,-1.135253906250000000e-01,8.994140625000000000e-01,2.441406250000000000e-04,2.802734375000000000e-01
-1.908362304687498678e-01,-1.135253906250000000e-01,8.994140625000000000e-01,2.441406250000000000e-04,6.933593750000000000e-02
-6.680799804687498344e-01,2.416992187500000000e-02,1.855468750000000000e-02,-8.081054687500000000e-02,7.802734375000000000e-01
-1.463486230468749927e+00,2.416992187500000000e-02,1.855468750000000000e-02,-8.081054687500000000e-02,7.802734375000000000e-01
-6.680799804687498344e-01,1.147460937500000000e-02,1.855468750000000000e-02,-8.081054687500000000e-02,7.802734375000000000e-01
-6.680799804687498344e-01,2.416992187500000000e-02,3.994140625000000000e-01,-8.081054687500000000e-02,7.802734375000000000e-01
-6.680799804687498344e-01,2.416992187500000000e-02,1.855468750000000000e-02,-1.247558593750000000e-01,7.802734375000000000e-01
-6.680799804687498344e-01,2.416992187500000000e-02,1.855468750000000000e-02,-8.081054687500000000e-02,5.693359375000000000e-01
-6.680799804687498344e-01,1.147460937500000000e-02,3.994140625000000000e-01,-1.247558593750000000e-01,5.693359375000000000e-01
-1.463486230468749927e+00,2.416992187500000000e-02,3.994140625000000000e-01,-1.247558593750000000e-01,5.693359375000000000e-01
-1.463486230468749927e+00,1.147460937500000000e-02,1.855468750000000000e-02,-1.247558593750000000e-01,5.693359375000000000e-01
-1.463486230468749927e+00,1.147460937500000000e-02,3.994140625000000000e-01,-8.081054687500000000e-02,5.693359375000000000e-01
-1.463486230468749927e+00,1.147460937500000000e-02,3.994140625000000000e-01,-1.247558593750000000e-01,7.802734375000000000e-01
-1.463486230468749927e+00,1.147460937500000000e-02,3.994140625000000000e-01,-1.247558593750000000e-01,5.693359375000000000e-01
-3.175498046875002700e-02,-3.833007812500000000e-02,7.685546875000000000e-01,1.066894531250000000e-01,5.302734375000000000e-01
-2.099811230468749734e+00,-3.833007812500000000e-02,7.685546875000000000e-01,1.066894531250000000e-01,5.302734375000000000e-01
-3.175498046875002700e-02,-5.102539062500000000e-02,7.685546875000000000e-01,1.066894531250000000e-01,5.302734375000000000e-01
-3.175498046875002700e-02,-3.833007812500000000e-02,1.494140625000000000e-01,1.066894531250000000e-01,5.302734375000000000e-01
-3.175498046875002700e-02,-3.833007812500000000e-02,7.685546875000000000e-01,-6.225585937500000000e-02,5.302734375000000000e-01
-3.175498046875002700e-02,-3.833007812500000000e-02,7.685546875000000000e-01,1.066894531250000000e-01,8.193359375000000000e-01
-3.175498046875002700e-02,-5.102539062500000000e-02,1.494140625000000000e-01,-6.225585937500000000e-02,8.193359375000000000e-01
-2.099811230468749734e+00,-3.833007812500000000e-02,1.494140625000000000e-01,-6.225585937500000000e-02,8.193359375000000000e-01
-2.099811230468749734e+00,-5.102539062500000000e-02,7.685546875000000000e-01,-6.225585937500000000e-02,8.193359375000000000e-01
-2.099811230468749734e+00,-5.102539062500000000e-02,1.494140625000000000e-01,1.066894531250000000e-01,8.193359375000000000e-01
-2.099811230468749734e+00,-5.102539062500000000e-02,1.494140625000000000e-01,-6.225585937500000000e-02,5.302734375000000000e-01
-2.099811230468749734e+00,-5.102539062500000000e-02,1.494140625000000000e-01,-6.225585937500000000e-02,8.193359375000000000e-01
-1.304404980468749864e+00,8.666992187500000000e-02,2.685546875000000000e-01,-1.831054687500000000e-02,3.027343750000000000e-02
-8.271612304687498973e-01,8.666992187500000000e-02,2.685546875000000000e-01,-1.831054687500000000e-02,3.027343750000000000e-02
-1.304404980468749864e+00,7.397460937500000000e-02,2.685546875000000000e-01,-1.831054687500000000e-02,3.027343750000000000e-02
-1.304404980468749864e+00,8.666992187500000000e-02,6.494140625000000000e-01,-1.831054687500000000e-02,3.027343750000000000e-02
-1.304404980468749864e+00,8.666992187500000000e-02,2.685546875000000000e-01,6.274414062500000000e-02,3.027343750000000000e-02
-1.304404980468749864e+00,8.666992187500000000e-02,2.685546875000000000e-01,-1.831054687500000000e-02,3.193359375000000000e-01
-1.304404980468749864e+00,7.397460937500000000e-02,6.494140625000000000e-01,6.274414062500000000e-02,3.193359375000000000e-01
-8.271612304687498973e-01,8.666992187500000000e-02,6.494140625000000000e-01,6.274414062500000000e-02,3.193359375000000000e-01
-8.271612304687498973e-01,7.397460937500000000e-02,2.685546875000000000e-01,6.274414062500000000e-02,3.193359375000000000e-01
-8.271612304687498973e-01,7.397460937500000000e-02,6.494140625000000000e-01,-1.831054687500000000e-02,3.193359375000000000e-01
-8.271612304687498973e-01,7.397460937500000000e-02,6.494140625000000000e-01,6.274414062500000000e-02,3.027343750000000000e-02
-8.271612304687498973e-01,7.397460937500000000e-02,6.494140625000000000e-01,6.274414062500000000e-02,3.193359375000000000e-01
-1.622567480468749990e+00,-7.080078125000000000e-03,1.435546875000000000e-01,-4.956054687500000000e-02,1.552734375000000000e-01
-5.089987304687499936e-01,-7.080078125000000000e-03,1.435546875000000000e-01,-4.956054687500000000e-02,1.552734375000000000e-01
-1.622567480468749990e+00,-1.977539062500000000e-02,1.435546875000000000e-01,-4.956054687500000000e-02,1.552734375000000000e-01
-1.622567480468749990e+00,-7.080078125000000000e-03,2.441406250000000000e-02,-4.956054687500000000e-02,1.552734375000000000e-01
-1.622567480468749990e+00,-7.080078125000000000e-03,1.435546875000000000e-01,-3.100585937500000000e-02,1.552734375000000000e-01
-1.622567480468749990e+00,-7.080078125000000000e-03,1.435546875000000000e-01,-4.956054687500000000e-02,6.943359375000000000e-01
-1.622567480468749990e+00,-1.977539062500000000e-02,2.441406250000000000e-02,-3.100585937500000000e-02,6.943359375000000000e-01
-5.089987304687499936e-01,-7.080078125000000000e-03,2.441406250000000000e-02,-3.100585937500000000e-02,6.943359375000000000e-01
-5.089987304687499936e-01,-1.977539062500000000e-02,1.435546875000000000e-01,-3.100585937500000000e-02,6.943359375000000000e-01
-5.089987304687499936e-01,-1.977539062500000000e-02,2.441406250000000000e-02,-4.956054687500000000e-02,6.943359375000000000e-01
-5.089987304687499936e-01,-1.977539062500000000e-02,2.441406250000000000e-02,-3.100585937500000000e-02,1.552734375000000000e-01
-5.089987304687499936e-01,-1.977539062500000000e-02,2.441406250000000000e-02,-3.100585937500000000e-02,6.943359375000000000e-01
-3.499174804687497087e-01,1.179199218750000000e-01,6.435546875000000000e-01,7.543945312500000000e-02,6.552734375000000000e-01
-1.781648730468750053e+00,1.179199218750000000e-01,6.435546875000000000e-01,7.543945312500000000e-02,6.552734375000000000e-01
-3.499174804687497087e-01,1.052246093750000000e-01,6.435546875000000000e-01,7.543945312500000000e-02,6.552734375000000000e-01
-3.499174804687497087e-01,1.179199218750000000e-01,5.244140625000000000e-01,7.543945312500000000e-02,6.552734375000000000e-01
-3.499174804687497087e-01,1.179199218750000000e-01,6.435546875000000000e-01,9.399414062500000000e-02,6.552734375000000000e-01
-3.499174804687497087e-01,1.179199218750000000e-01,6.435546875000000000e-01,7.543945312500000000e-02,1.943359375000000000e-01
-3.499174804687497087e-01,1.052246093750000000e-01,5.244140625000000000e-01,9.399414062500000000e-02,1.943359375000000000e-01
-1.781648730468750053e+00,1.179199218750000000e-01,5.244140625000000000e-01,9.399414062500000000e-02,1.943359375000000000e-01
-1.781648730468750053e+00,1.052246093750000000e-01,6.435546875000000000e-01,9.399414062500000000e-02,1.943359375000000000e-01
-1.781648730468750053e+00,1.052246093750000000e-01,5.244140625000000000e-01,7.543945312500000000e-02,1.943359375000000000e-01
-1.781648730468750053e+00,1.052246093750000000e-01,5.244140625000000000e-01,9.399414062500000000e-02,6.552734375000000000e-01
-1.781648730468750053e+00,1.052246093750000000e-01,5.244140625000000000e-01,9.399414062500000000e-02,1.943359375000000000e-01
-9.862424804687499602e-01,-6.958007812500000000e-02,3.935546875000000000e-01,-1.120605468750000000e-01,9.052734375000000000e-01
-2.417973730468749860e+00,-6.958007812500000000e-02,3.935546875000000000e-01,-1.120605468750000000e-01,9.052734375000000000e-01
-9.862424804687499602e-01,-8.227539062500000000e-02,3.935546875000000000e-01,-1.120605468750000000e-01,9.052734375000000000e-01
-9.862424804687499602e-01,-6.958007812500000000e-02,7.744140625000000000e-01,-1.120605468750000000e-01,9.052734375000000000e-01
-9.862424804687499602e-01,-6.958007812500000000e-02,3.935546875000000000e-01,3.149414062500000000e-02,9.052734375000000000e-01
-9.862424804687499602e-01,-6.958007812500000000e-02,3.935546875000000000e-01,-1.120605468750000000e-01,4.443359375000000000e-01
-9.862424804687499602e-01,-8.227539062500000000e-02,7.744140625000000000e-01,3.149414062500000000e-02,4.443359375000000000e-01
-2.417973730468749860e+00,-6.958007812500000000e-02,7.744140625000000000e-01,3.149414062500000000e-02,4.443359375000000000e-01
-2.417973730468749860e+00,-8.227539062500000000e-02,3.935546875000000000e-01,3.149414062500000000e-02,4.443359375000000000e-01
-2.417973730468749860e+00,-8.227539062500000000e-02,7.744140625000000000e-01,-1.120605468750000000e-01,4.443359375000000000e-01
-2.417973730468749860e+00,-8.227539062500000000e-02,7.744140625000000000e-01,3.149414062500000000e-02,9.052734375000000000e-01
-2.417973730468749860e+00,-8.227539062500000000e-02,7.744140625000000000e-01,3.149414062500000000e-02,4.443359375000000000e-01
-2.258892480468750019e+00,5.541992187500000000e-02,8.935546875000000000e-01,1.293945312500000000e-02,4.052734375000000000e-01
-1.145323730468750023e+00,5.541992187500000000e-02,8.935546875000000000e-01,1.293945312500000000e-02,4.052734375000000000e-01
-2.258892480468750019e+00,4.272460937500000000e-02,8.935546875000000000e-01,1.293945312500000000e-02,4.052734375000000000e-01
-2.258892480468750019e+00,5.541992187500000000e-02,2.744140625000000000e-01,1.293945312500000000e-02,4.052734375000000000e-01
-2.258892480468750019e+00,5.541992187500000000e-02,8.935546875000000000e-01,-9.350585937500000000e-02,4.052734375000000000e-01
-2.258892480468750019e+00,5.541992187500000000e-02,8.935546875000000000e-01,1.293945312500000000e-02,9.443359375000000000e-01
-2.258892480468750019e+00,4.272460937500000000e-02,2.744140625000000000e-01,-9.350585937500000000e-02,9.443359375000000000e-01
-1.145323730468750023e+00,5.541992187500000000e-02,2.744140625000000000e-01,-9.350585937500000000e-02,9.443359375000000000e-01
-1.145323730468750023e+00,4.272460937500000000e-02,8.935546875000000000e-01,-9.350585937500000000e-02,9.443359375000000000e-01
-1.145323730468750023e+00,4.272460937500000000e-02,2.744140625000000000e-01,1.293945312500000000e-02,9.443359375000000000e-01
-1.145323730468750023e+00,4.272460937500000000e-02,2.744140625000000000e-01,-9.350585937500000000e-02,4.052734375000000000e-01
-1.145323730468750023e+00,4.272460937500000000e-02,2.744140625000000000e-01,-9.350585937500000000e-02,9.443359375000000000e-01
-2.338433105468749940e+00,-7.739257812500000000e-02,4.980468750000000000e-02,-1.049804687500000000e-02,6.240234375000000000e-01
-1.861189355468749973e+00,-7.739257812500000000e-02,4.980468750000000000e-02,-1.049804687500000000e-02,6.240234375000000000e-01
-2.338433105468749940e+00,1.130371093750000000e-01,4.980468750000000000e-02,-1.049804687500000000e-02,6.240234375000000000e-01
-2.338433105468749940e+00,-7.739257812500000000e-02,8.056640625000000000e-01,-1.049804687500000000e-02,6.240234375000000000e-01
-2.338433105468749940e+00,-7.739257812500000000e-02,4.980468750000000000e-02,-1.169433593750000000e-01,6.240234375000000000e-01
-2.338433105468749940e+00,-7.739257812500000000e-02,4.980468750000000000e-02,-1.049804687500000000e-02,4.130859375000000000e-01
-2.338433105468749940e+00,1.130371093750000000e-01,8.056640625000000000e-01,-1.169433593750000000e-01,4.130859375000000000e-01
-1.861189355468749973e+00,-7.739257812500000000e-02,8.056640625000000000e-01,-1.169433593750000000e-01,4.130859375000000000e-01
-1.861189355468749973e+00,1.130371093750000000e-01,4.980468750000000000e-02,-1.169433593750000000e-01,4.130859375000000000e-01
-1.861189355468749973e+00,1.130371093750000000e-01,8.056640625000000000e-01,-1.049804687500000000e-02,4.130859375000000000e-01
-1.861189355468749973e+00,1.130371093750000000e-01,8.056640625000000000e-01,-1.169433593750000000e-01,6.240234375000000000e-01
-1.861189355468749973e+00,1.130371093750000000e-01,8.056640625000000000e-01,-1.169433593750000000e-01,4.130859375000000000e-01
-1.065783105468749881e+00,4.760742187500000000e-02,5.498046875000000000e-01,1.145019531250000000e-01,1.240234375000000000e-01
-5.885393554687499140e-01,4.760742187500000000e-02,5.498046875000000000e-01,1.145019531250000000e-01,1.240234375000000000e-01
-1.065783105468749881e+00,-1.196289062500000000e-02,5.498046875000000000e-01,1.145019531250000000e-01,1.240234375000000000e-01
-1.065783105468749881e+00,4.760742187500000000e-02,3.056640625000000000e-01,1.145019531250000000e-01,1.240234375000000000e-01
-1.065783105468749881e+00,4.760742187500000000e-02,5.498046875000000000e-01,8.056640625000000000e-03,1.240234375000000000e-01
-1.065783105468749881e+00,4.760742187500000000e-02,5.498046875000000000e-01,1.145019531250000000e-01,9.130859375000000000e-01
-1.065783105468749881e+00,-1.196289062500000000e-02,3.056640625000000000e-01,8.056640625000000000e-03,9.130859375000000000e-01
-5.885393554687499140e-01,4.760742187500000000e-02,3.056640625000000000e-01,8.056640625000000000e-03,9.130859375000000000e-01
-5.885393554687499140e-01,-1.196289062500000000e-02,5.498046875000000000e-01,8.056640625000000000e-03,9.130859375000000000e-01
-5.885393554687499140e-01,-1.196289062500000000e-02,3.056640625000000000e-01,1.145019531250000000e-01,9.130859375000000000e-01
-5.885393554687499140e-01,-1.196289062500000000e-02,3.056640625000000000e-01,8.056640625000000000e-03,1.240234375000000000e-01
-5.885393554687499140e-01,-1.196289062500000000e-02,3.056640625000000000e-01,8.056640625000000000e-03,9.130859375000000000e-01
-4.294581054687500732e-01,-1.489257812500000000e-02,2.998046875000000000e-01,-7.299804687500000000e-02,3.740234375000000000e-01
-1.224864355468749944e+00,-1.489257812500000000e-02,2.998046875000000000e-01,-7.299804687500000000e-02,3.740234375000000000e-01
-4.294581054687500732e-01,5.053710937500000000e-02,2.998046875000000000e-01,-7.299804687500000000e-02,3.740234375000000000e-01
-4.294581054687500732e-01,-1.489257812500000000e-02,5.566406250000000000e-02,-7.299804687500000000e-02,3.740234375000000000e-01
-4.294581054687500732e-01,-1.489257812500000000e-02,2.998046875000000000e-01,7.055664062500000000e-02,3.740234375000000000e-01
-4.294581054687500732e-01,-1.489257812500000000e-02,2.998046875000000000e-01,-7.299804687500000000e-02,6.630859375000000000e-01
-4.294581054687500732e-01,5.053710937500000000e-02,5.566406250000000000e-02,7.055664062500000000e-02,6.630859375000000000e-01
-1.224864355468749944e+00,-1.489257812500000000e-02,5.566406250000000000e-02,7.055664062500000000e-02,6.630859375000000000e-01
-1.224864355468749944e+00,5.053710937500000000e-02,2.998046875000000000e-01,7.055664062500000000e-02,6.630859375000000000e-01
-1.224864355468749944e+00,5.053710937500000000e-02,5.566406250000000000e-02,-7.299804687500000000e-02,6.630859375000000000e-01
-1.224864355468749944e+00,5.053710937500000000e-02,5.566406250000000000e-02,7.055664062500000000e-02,3.740234375000000000e-01
-1.224864355468749944e+00,5.053710937500000000e-02,5.566406250000000000e-02,7.055664062500000000e-02,6.630859375000000000e-01
-1.702108105468749910e+00,1.101074218750000000e-01,7.998046875000000000e-01,5.200195312500000000e-02,8.740234375000000000e-01
-2.497514355468749780e+00,1.101074218750000000e-01,7.998046875000000000e-01,5.200195312500000000e-02,8.740234375000000000e-01
-1.702108105468749910e+00,-7.446289062500000000e-02,7.998046875000000000e-01,5.200195312500000000e-02,8.740234375000000000e-01
-1.702108105468749910e+00,1.101074218750000000e-01,5.556640625000000000e-01,5.200195312500000000e-02,8.740234375000000000e-01
-1.702108105468749910e+00,1.101074218750000000e-01,7.998046875000000000e-01,-5.444335937500000000e-02,8.740234375000000000e-01
-1.702108105468749910e+00,1.101074218750000000e-01,7.998046875000000000e-01,5.200195312500000000e-02,1.630859375000000000e-01
-1.702108105468749910e+00,-7.446289062500000000e-02,5.556640625000000000e-01,-5.444335937500000000e-02,1.630859375000000000e-01
-2.497514355468749780e+00,1.101074218750000000e-01,5.556640625000000000e-01,-5.444335937500000000e-02,1.630859375000000000e-01
-2.497514355468749780e+00,-7.446289062500000000e-02,7.998046875000000000e-01,-5.444335937500000000e-02,1.630859375000000000e-01
-2.497514355468749780e+00,-7.446289062500000000e-02,5.556640625000000000e-01,5.200195312500000000e-02,1.630859375000000000e-01
-2.497514355468749780e+00,-7.446289062500000000e-02,5.556640625000000000e-01,-5.444335937500000000e-02,8.740234375000000000e-01
-2.497514355468749780e+00,-7.446289062500000000e-02,5.556640625000000000e-01,-5.444335937500000000e-02,1.630859375000000000e-01
-1.383945605468750006e+00,-4.614257812500000000e-02,6.748046875000000000e-01,2.075195312500000000e-02,9.990234375000000000e-01
-1.543026855468749847e+00,-4.614257812500000000e-02,6.748046875000000000e-01,2.075195312500000000e-02,9.990234375000000000e-01
-1.383945605468750006e+00,1.928710937500000000e-02,6.748046875000000000e-01,2.075195312500000000e-02,9.990234375000000000e-01
-1.383945605468750006e+00,-4.614257812500000000e-02,1.806640625000000000e-01,2.075195312500000000e-02,9.990234375000000000e-01
-1.383945605468750006e+00,-4.614257812500000000e-02,6.748046875000000000e-01,1.018066406250000000e-01,9.990234375000000000e-01
-1.383945605468750006e+00,-4.614257812500000000e-02,6.748046875000000000e-01,2.075195312500000000e-02,7.880859375000000000e-01
-1.383945605468750006e+00,1.928710937500000000e-02,1.806640625000000000e-01,1.018066406250000000e-01,7.880859375000000000e-01
-1.543026855468749847e+00,-4.614257812500000000e-02,1.806640625000000000e-01,1.018066406250000000e-01,7.880859375000000000e-01
-1.543026855468749847e+00,1.928710937500000000e-02,6.748046875000000000e-01,1.018066406250000000e-01,7.880859375000000000e-01
-1.543026855468749847e+00,1.928710937500000000e-02,1.806640625000000000e-01,2.075195312500000000e-02,7.880859375000000000e-01
-1.543026855468749847e+00,1.928710937500000000e-02,1.806640625000000000e-01,1.018066406250000000e-01,9.990234375000000000e-01
-1.543026855468749847e+00,1.928710937500000000e-02,1.806640625000000000e-01,1.018066406250000000e-01,7.880859375000000000e-01
-1.112956054687499474e-01,7.885742187500000000e-02,1.748046875000000000e-01,-1.042480468750000000e-01,4.990234375000000000e-01
-2.703768554687497883e-01,7.885742187500000000e-02,1.748046875000000000e-01,-1.042480468750000000e-01,4.990234375000000000e-01
-1.112956054687499474e-01,-1.057128906250000000e-01,1.748046875000000000e-01,-1.042480468750000000e-01,4.990234375000000000e-01
-1.112956054687499474e-01,7.885742187500000000e-02,6.806640625000000000e-01,-1.042480468750000000e-01,4.990234375000000000e-01
-1.112956054687499474e-01,7.885742187500000000e-02,1.748046875000000000e-01,-2.319335937500000000e-02,4.990234375000000000e-01
-1.112956054687499474e-01,7.885742187500000000e-02,1.748046875000000000e-01,-1.042480468750000000e-01,2.880859375000000000e-01
-1.112956054687499474e-01,-1.057128906250000000e-01,6.806640625000000000e-01,-2.319335937500000000e-02,2.880859375000000000e-01
-2.703768554687497883e-01,7.885742187500000000e-02,6.806640625000000000e-01,-2.319335937500000000e-02,2.880859375000000000e-01
-2.703768554687497883e-01,-1.057128906250000000e-01,1.748046875000000000e-01,-2.319335937500000000e-02,2.880859375000000000e-01
-2.703768554687497883e-01,-1.057128906250000000e-01,6.806640625000000000e-01,-1.042480468750000000e-01,2.880859375000000000e-01
-2.703768554687497883e-01,-1.057128906250000000e-01,6.806640625000000000e-01,-2.319335937500000000e-02,4.990234375000000000e-01
-2.703768554687497883e-01,-1.057128906250000000e-01,6.806640625000000000e-01,-2.319335937500000000e-02,2.880859375000000000e-01
-7.476206054687499769e-01,-1.086425781250000000e-01,9.248046875000000000e-01,8.325195312500000000e-02,2.490234375000000000e-01
-9.067018554687498177e-01,-1.086425781250000000e-01,9.248046875000000000e-01,8.325195312500000000e-02,2.490234375000000000e-01
-7.476206054687499769e-01,8.178710937500000000e-02,9.248046875000000000e-01,8.325195312500000000e-02,2.490234375000000000e-01
-7.476206054687499769e-01,-1.086425781250000000e-01,9.306640625000000000e-01,8.325195312500000000e-02,2.490234375000000000e-01
-7.476206054687499769e-01,-1.086425781250000000e-01,9.248046875000000000e-01,-8.569335937500000000e-02,2.490234375000000000e-01
-7.476206054687499769e-01,-1.086425781250000000e-01,9.248046875000000000e-01,8.325195312500000000e-02,3.808593750000000000e-02
-7.476206054687499769e-01,8.178710937500000000e-02,9.306640625000000000e-01,-8.569335937500000000e-02,3.808593750000000000e-02
-9.067018554687498177e-01,-1.086425781250000000e-01,9.306640625000000000e-01,-8.569335937500000000e-02,3.808593750000000000e-02
-9.067018554687498177e-01,8.178710937500000000e-02,9.248046875000000000e-01,-8.569335937500000000e-02,3.808593750000000000e-02
-9.067018554687498177e-01,8.178710937500000000e-02,9.306640625000000000e-01,8.325195312500000000e-02,3.808593750000000000e-02
-9.067018554687498177e-01,8.178710937500000000e-02,9.306640625000000000e-01,-8.569335937500000000e-02,2.490234375000000000e-01
-9.067018554687498177e-01,8.178710937500000000e-02,9.306640625000000000e-01,-8.569335937500000000e-02,3.808593750000000000e-02
-2.020270605468749814e+00,1.635742187500000000e-02,4.248046875000000000e-01,-4.174804687500000000e-02,7.490234375000000000e-01
-2.179351855468750099e+00,1.635742187500000000e-02,4.248046875000000000e-01,-4.174804687500000000e-02,7.490234375000000000e-01
-2.020270605468749814e+00,-4.321289062500000000e-02,4.248046875000000000e-01,-4.174804687500000000e-02,7.490234375000000000e-01
-2.020270605468749814e+00,1.635742187500000000e-02,4.306640625000000000e-01,-4.174804687500000000e-02,7.490234375000000000e-01
-2.020270605468749814e+00,1.635742187500000000e-02,4.248046875000000000e-01,3.930664062500000000e-02,7.490234375000000000e-01
-2.020270605468749814e+00,1.635742187500000000e-02,4.248046875000000000e-01,-4.174804687500000000e-02,5.380859375000000000e-01
-2.020270605468749814e+00,-4.321289062500000000e-02,4.306640625000000000e-01,3.930664062500000000e-02,5.380859375000000000e-01
-2.179351855468750099e+00,1.635742187500000000e-02,4.306640625000000000e-01,3.930664062500000000e-02,5.380859375000000000e-01
-2.179351855468750099e+00,-4.321289062500000000e-02,4.248046875000000000e-01,3.930664062500000000e-02,5.380859375000000000e-01
-2.179351855468750099e+00,-4.321289062500000000e-02,4.306640625000000000e-01,-4.174804687500000000e-02,5.380859375000000000e-01
-2.179351855468750099e+00,-4.321289062500000000e-02,4.306640625000000000e-01,3.930664062500000000e-02,7.490234375000000000e-01
-2.179351855468750099e+00,-4.321289062500000000e-02,4.306640625000000000e-01,3.930664062500000000e-02,5.380859375000000000e-01
-2.179351855468750099e+00,-3.051757812500000000e-02,9.873046875000000000e-01,-1.198730468750000000e-01,6.152343750000000000e-02
-2.338433105468749940e+00,-3.051757812500000000e-02,9.873046875000000000e-01,-1.198730468750000000e-01,6.152343750000000000e-02
-2.179351855468750099e+00,3.662109375000000000e-03,9.873046875000000000e-01,-1.198730468750000000e-01,6.152343750000000000e-02
-2.179351855468750099e+00,-3.051757812500000000e-02,2.431640625000000000e-01,-1.198730468750000000e-01,6.152343750000000000e-02
-2.179351855468750099e+00,-3.051757812500000000e-02,9.873046875000000000e-01,1.174316406250000000e-01,6.152343750000000000e-02
-2.179351855468750099e+00,-3.051757812500000000e-02,9.873046875000000000e-01,-1.198730468750000000e-01,2.255859375000000000e-01
-2.179351855468750099e+00,3.662109375000000000e-03,2.431640625000000000e-01,1.174316406250000000e-01,2.255859375000000000e-01
-2.338433105468749940e+00,-3.051757812500000000e-02,2.431640625000000000e-01,1.174316406250000000e-01,2.255859375000000000e-01
-2.338433105468749940e+00,3.662109375000000000e-03,9.873046875000000000e-01,1.174316406250000000e-01,2.255859375000000000e-01
-2.338433105468749940e+00,3.662109375000000000e-03,2.431640625000000000e-01,-1.198730468750000000e-01,2.255859375000000000e-01
-2.338433105468749940e+00,3.662109375000000000e-03,2.431640625000000000e-01,1.174316406250000000e-01,6.152343750000000000e-02
-2.338433105468749940e+00,3.662109375000000000e-03,2.431640625000000000e-01,1.174316406250000000e-01,2.255859375000000000e-01
-9.067018554687498177e-01,9.448242187500000000e-02,4.873046875000000000e-01,5.126953125000000000e-03,5.615234375000000000e-01
-1.065783105468749881e+00,9.448242187500000000e-02,4.873046875000000000e-01,5.126953125000000000e-03,5.615234375000000000e-01
-9.067018554687498177e-01,-1.213378906250000000e-01,4.873046875000000000e-01,5.126953125000000000e-03,5.615234375000000000e-01
-9.067018554687498177e-01,9.448242187500000000e-02,7.431640625000000000e-01,5.126953125000000000e-03,5.615234375000000000e-01
-9.067018554687498177e-01,9.448242187500000000e-02,4.873046875000000000e-01,-7.568359375000000000e-03,5.615234375000000000e-01
-9.067018554687498177e-01,9.448242187500000000e-02,4.873046875000000000e-01,5.126953125000000000e-03,7.255859375000000000e-01
-9.067018554687498177e-01,-1.213378906250000000e-01,7.431640625000000000e-01,-7.568359375000000000e-03,7.255859375000000000e-01
-1.065783105468749881e+00,9.448242187500000000e-02,7.431640625000000000e-01,-7.568359375000000000e-03,7.255859375000000000e-01
-1.065783105468749881e+00,-1.213378906250000000e-01,4.873046875000000000e-01,-7.568359375000000000e-03,7.255859375000000000e-01
-1.065783105468749881e+00,-1.213378906250000000e-01,7.431640625000000000e-01,5.126953125000000000e-03,7.255859375000000000e-01
-1.065783105468749881e+00,-1.213378906250000000e-01,7.431640625000000000e-01,-7.568359375000000000e-03,5.615234375000000000e-01
-1.065783105468749881e+00,-1.213378906250000000e-01,7.431640625000000000e-01,-7.568359375000000000e-03,7.255859375000000000e-01
-2.703768554687497883e-01,-9.301757812500000000e-02,7.373046875000000000e-01,-5.737304687500000000e-02,8.115234375000000000e-01
-4.294581054687500732e-01,-9.301757812500000000e-02,7.373046875000000000e-01,-5.737304687500000000e-02,8.115234375000000000e-01
-2.703768554687497883e-01,6.616210937500000000e-02,7.373046875000000000e-01,-5.737304687500000000e-02,8.115234375000000000e-01
-2.703768554687497883e-01,-9.301757812500000000e-02,9.931640625000000000e-01,-5.737304687500000000e-02,8.115234375000000000e-01
-2.703768554687497883e-01,-9.301757812500000000e-02,7.373046875000000000e-01,-7.006835937500000000e-02,8.115234375000000000e-01
-2.703768554687497883e-01,-9.301757812500000000e-02,7.373046875000000000e-01,-5.737304687500000000e-02,9.755859375000000000e-01
-2.703768554687497883e-01,6.616210937500000000e-02,9.931640625000000000e-01,-7.006835937500000000e-02,9.755859375000000000e-01
-4.294581054687500732e-01,-9.301757812500000000e-02,9.931640625000000000e-01,-7.006835937500000000e-02,9.755859375000000000e-01
-4.294581054687500732e-01,6.616210937500000000e-02,7.373046875000000000e-01,-7.006835937500000000e-02,9.755859375000000000e-01
-4.294581054687500732e-01,6.616210937500000000e-02,9.931640625000000000e-01,-5.737304687500000000e-02,9.755859375000000000e-01
-4.294581054687500732e-01,6.616210937500000000e-02,9.931640625000000000e-01,-7.006835937500000000e-02,8.115234375000000000e-01
-4.294581054687500732e-01,6.616210937500000000e-02,9.931640625000000000e-01,-7.006835937500000000e-02,9.755859375000000000e-01
-1.543026855468749847e+00,3.198242187500000000e-02,2.373046875000000000e-01,6.762695312500000000e-02,3.115234375000000000e-01
-1.702108105468749910e+00,3.198242187500000000e-02,2.373046875000000000e-01,6.762695312500000000e-02,3.115234375000000000e-01
-1.543026855468749847e+00,-5.883789062500000000e-02,2.373046875000000000e-01,6.762695312500000000e-02,3.115234375000000000e-01
-1.543026855468749847e+00,3.198242187500000000e-02,4.931640625000000000e-01,6.762695312500000000e-02,3.115234375000000000e-01
-1.543026855468749847e+00,3.198242187500000000e-02,2.373046875000000000e-01,5.493164062500000000e-02,3.115234375000000000e-01
-1.543026855468749847e+00,3.198242187500000000e-02,2.373046875000000000e-01,6.762695312500000000e-02,4.755859375000000000e-01
-1.543026855468749847e+00,-5.883789062500000000e-02,4.931640625000000000e-01,5.493164062500000000e-02,4.755859375000000000e-01
-1.702108105468749910e+00,3.198242187500000000e-02,4.931640625000000000e-01,5.493164062500000000e-02,4.755859375000000000e-01
-1.702108105468749910e+00,-5.883789062500000000e-02,2.373046875000000000e-01,5.493164062500000000e-02,4.755859375000000000e-01
-1.702108105468749910e+00,-5.883789062500000000e-02,4.931640625000000000e-01,6.762695312500000000e-02,4.755859375000000000e-01
-1.702108105468749910e+00,-5.883789062500000000e-02,4.931640625000000000e-01,5.493164062500000000e-02,3.115234375000000000e-01
-1.702108105468749910e+00,-5.883789062500000000e-02,4.931640625000000000e-01,5.493164062500000000e-02,4.755859375000000000e-01
-1.861189355468749973e+00,-1.242675781250000000e-01,3.623046875000000000e-01,9.887695312500000000e-02,4.365234375000000000e-01
-2.020270605468749814e+00,-1.242675781250000000e-01,3.623046875000000000e-01,9.887695312500000000e-02,4.365234375000000000e-01
-1.861189355468749973e+00,9.741210937500000000e-02,3.623046875000000000e-01,9.887695312500000000e-02,4.365234375000000000e-01
-1.861189355468749973e+00,-1.242675781250000000e-01,8.681640625000000000e-01,9.887695312500000000e-02,4.365234375000000000e-01
-1.861189355468749973e+00,-1.242675781250000000e-01,3.623046875000000000e-01,-1.013183593750000000e-01,4.365234375000000000e-01
-1.861189355468749973e+00,-1.242675781250000000e-01,3.623046875000000000e-01,9.887695312500000000e-02,6.005859375000000000e-01
-1.861189355468749973e+00,9.741210937500000000e-02,8.681640625000000000e-01,-1.013183593750000000e-01,6.005859375000000000e-01
-2.020270605468749814e+00,-1.242675781250000000e-01,8.681640625000000000e-01,-1.013183593750000000e-01,6.005859375000000000e-01
-2.020270605468749814e+00,9.741210937500000000e-02,3.623046875000000000e-01,-1.013183593750000000e-01,6.005859375000000000e-01
-2.020270605468749814e+00,9.741210937500000000e-02,8.681640625000000000e-01,9.887695312500000000e-02,6.005859375000000000e-01
-2.020270605468749814e+00,9.741210937500000000e-02,8.681640625000000000e-01,-1.013183593750000000e-01,4.365234375000000000e-01
-2.020270605468749814e+00,9.741210937500000000e-02,8.681640625000000000e-01,-1.013183593750000000e-01,6.005859375000000000e-01
-5.885393554687499140e-01,7.324218750000000000e-04,8.623046875000000000e-01,-2.612304687500000000e-02,9.365234375000000000e-01
-7.476206054687499769e-01,7.324218750000000000e-04,8.623046875000000000e-01,-2.612304687500000000e-02,9.365234375000000000e-01
-5.885393554687499140e-01,-2.758789062500000000e-02,8.623046875000000000e-01,-2.612304687500000000e-02,9.365234375000000000e-01
-5.885393554687499140e-01,7.324218750000000000e-04,3.681640625000000000e-01,-2.612304687500000000e-02,9.365234375000000000e-01
-5.885393554687499140e-01,7.324218750000000000e-04,8.623046875000000000e-01,2.368164062500000000e-02,9.365234375000000000e-01
-5.885393554687499140e-01,7.324218750000000000e-04,8.623046875000000000e-01,-2.612304687500000000e-02,1.005859375000000000e-01
-5.885393554687499140e-01,-2.758789062500000000e-02,3.681640625000000000e-01,2.368164062500000000e-02,1.005859375000000000e-01
-7.476206054687499769e-01,7.324218750000000000e-04,3.681640625000000000e-01,2.368164062500000000e-02,1.005859375000000000e-01
-7.476206054687499769e-01,-2.758789062500000000e-02,8.623046875000000000e-01,2.368164062500000000e-02,1.005859375000000000e-01
-7.476206054687499769e-01,-2.758789062500000000e-02,3.681640625000000000e-01,-2.612304687500000000e-02,1.005859375000000000e-01
-7.476206054687499769e-01,-2.758789062500000000e-02,3.681640625000000000e-01,2.368164062500000000e-02,9.365234375000000000e-01
-7.476206054687499769e-01,-2.758789062500000000e-02,3.681640625000000000e-01,2.368164062500000000e-02,1.005859375000000000e-01
-1.224864355468749944e+00,-6.176757812500000000e-02,1.123046875000000000e-01,3.637695312500000000e-02,6.865234375000000000e-01
-1.112956054687499474e-01,-6.176757812500000000e-02,1.123046875000000000e-01,3.637695312500000000e-02,6.865234375000000000e-01
-1.224864355468749944e+00,3.491210937500000000e-02,1.123046875000000000e-01,3.637695312500000000e-02,6.865234375000000000e-01
-1.224864355468749944e+00,-6.176757812500000000e-02,1.181640625000000000e-01,3.637695312500000000e-02,6.865234375000000000e-01
-1.224864355468749944e+00,-6.176757812500000000e-02,1.123046875000000000e-01,8.618164062500000000e-02,6.865234375000000000e-01
-1.224864355468749944e+00,-6.176757812500000000e-02,1.123046875000000000e-01,3.637695312500000000e-02,3.505859375000000000e-01
-1.224864355468749944e+00,3.491210937500000000e-02,1.181640625000000000e-01,8.618164062500000000e-02,3.505859375000000000e-01
-1.112956054687499474e-01,-6.176757812500000000e-02,1.181640625000000000e-01,8.618164062500000000e-02,3.505859375000000000e-01
-1.112956054687499474e-01,3.491210937500000000e-02,1.123046875000000000e-01,8.618164062500000000e-02,3.505859375000000000e-01
-1.112956054687499474e-01,3.491210937500000000e-02,1.181640625000000000e-01,3.637695312500000000e-02,3.505859375000000000e-01
-1.112956054687499474e-01,3.491210937500000000e-02,1.181640625000000000e-01,8.618164062500000000e-02,6.865234375000000000e-01
-1.112956054687499474e-01,3.491210937500000000e-02,1.181640625000000000e-01,8.618164062500000000e-02,3.505859375000000000e-01
-2.497514355468749780e+00,6.323242187500000000e-02,6.123046875000000000e-01,-8.862304687500000000e-02,1.865234375000000000e-01
-1.383945605468750006e+00,6.323242187500000000e-02,6.123046875000000000e-01,-8.862304687500000000e-02,1.865234375000000000e-01
-2.497514355468749780e+00,-9.008789062500000000e-02,6.123046875000000000e-01,-8.862304687500000000e-02,1.865234375000000000e-01
-2.497514355468749780e+00,6.323242187500000000e-02,6.181640625000000000e-01,-8.862304687500000000e-02,1.865234375000000000e-01
-2.497514355468749780e+00,6.323242187500000000e-02,6.123046875000000000e-01,-3.881835937500000000e-02,1.865234375000000000e-01
-2.497514355468749780e+00,6.323242187500000000e-02,6.123046875000000000e-01,-8.862304687500000000e-02,8.505859375000000000e-01
-2.497514355468749780e+00,-9.008789062500000000e-02,6.181640625000000000e-01,-3.881835937500000000e-02,8.505859375000000000e-01
-1.383945605468750006e+00,6.323242187500000000e-02,6.181640625000000000e-01,-3.881835937500000000e-02,8.505859375000000000e-01
-1.383945605468750006e+00,-9.008789062500000000e-02,6.123046875000000000e-01,-3.881835937500000000e-02,8.505859375000000000e-01
-1.383945605468750006e+00,-9.008789062500000000e-02,6.181640625000000000e-01,-8.862304687500000000e-02,8.505859375000000000e-01
-1.383945605468750006e+00,-9.008789062500000000e-02,6.181640625000000000e-01,-3.881835937500000000e-02,1.865234375000000000e-01
-1.383945605468750006e+00,-9.008789062500000000e-02,6.181640625000000000e-01,-3.881835937500000000e-02,8.505859375000000000e-01
-2.496271533203124893e+00,-3.088378906250000000e-02,4.477539062500000000e-01,-3.295898437500000000e-03,5.571289062500000000e-01
-3.511603027343750405e-01,-3.088378906250000000e-02,4.477539062500000000e-01,-3.295898437500000000e-03,5.571289062500000000e-01
-2.496271533203124893e+00,-6.457519531250000000e-02,4.477539062500000000e-01,-3.295898437500000000e-03,5.571289062500000000e-01
-2.496271533203124893e+00,-3.088378906250000000e-02,5.874023437500000000e-01,-3.295898437500000000e-03,5.571289062500000000e-01
-2.496271533203124893e+00,-3.088378906250000000e-02,4.477539062500000000e-01,4.919433593750000000e-02,5.571289062500000000e-01
-2.496271533203124893e+00,-3.088378906250000000e-02,4.477539062500000000e-01,-3.295898437500000000e-03,6.713867187500000000e-01
-2.496271533203124893e+00,-6.457519531250000000e-02,5.874023437500000000e-01,4.919433593750000000e-02,6.713867187500000000e-01
-3.511603027343750405e-01,-3.088378906250000000e-02,5.874023437500000000e-01,4.919433593750000000e-02,6.713867187500000000e-01
-3.511603027343750405e-01,-6.457519531250000000e-02,4.477539062500000000e-01,4.919433593750000000e-02,6.713867187500000000e-01
-3.511603027343750405e-01,-6.457519531250000000e-02,5.874023437500000000e-01,-3.295898437500000000e-03,6.713867187500000000e-01
-3.511603027343750405e-01,-6.457519531250000000e-02,5.874023437500000000e-01,4.919433593750000000e-02,5.571289062500000000e-01
-3.511603027343750405e-01,-6.457519531250000000e-02,5.874023437500000000e-01,4.919433593750000000e-02,6.713867187500000000e-01
-1.223621533203124834e+00,9.411621093750000000e-02,9.477539062500000000e-01,1.217041015625000000e-01,5.712890625000000000e-02
-1.623810302734375099e+00,9.411621093750000000e-02,9.477539062500000000e-01,1.217041015625000000e-01,5.712890625000000000e-02
-1.223621533203124834e+00,6.042480468750000000e-02,9.477539062500000000e-01,1.217041015625000000e-01,5.712890625000000000e-02
-1.223621533203124834e+00,9.411621093750000000e-02,8.740234375000000000e-02,1.217041015625000000e-01,5.712890625000000000e-02
-1.223621533203124834e+00,9.411621093750000000e-02,9.477539062500000000e-01,-7.580566406250000000e-02,5.712890625000000000e-02
-1.223621533203124834e+00,9.411621093750000000e-02,9.477539062500000000e-01,1.217041015625000000e-01,1.713867187500000000e-01
-1.223621533203124834e+00,6.042480468750000000e-02,8.740234375000000000e-02,-7.580566406250000000e-02,1.713867187500000000e-01
-1.623810302734375099e+00,9.411621093750000000e-02,8.740234375000000000e-02,-7.580566406250000000e-02,1.713867187500000000e-01
-1.623810302734375099e+00,6.042480468750000000e-02,9.477539062500000000e-01,-7.580566406250000000e-02,1.713867187500000000e-01
-1.623810302734375099e+00,6.042480468750000000e-02,8.740234375000000000e-02,1.217041015625000000e-01,1.713867187500000000e-01
-1.623810302734375099e+00,6.042480468750000000e-02,8.740234375000000000e-02,-7.580566406250000000e-02,5.712890625000000000e-02
-1.623810302734375099e+00,6.042480468750000000e-02,8.740234375000000000e-02,-7.580566406250000000e-02,1.713867187500000000e-01
-5.872965332031248042e-01,-9.338378906250000000e-02,1.977539062500000000e-01,-6.579589843750000000e-02,3.071289062500000000e-01
-2.260135302734374907e+00,-9.338378906250000000e-02,1.977539062500000000e-01,-6.579589843750000000e-02,3.071289062500000000e-01
-5.872965332031248042e-01,-2.075195312500000000e-03,1.977539062500000000e-01,-6.579589843750000000e-02,3.071289062500000000e-01
-5.872965332031248042e-01,-9.338378906250000000e-02,3.374023437500000000e-01,-6.579589843750000000e-02,3.071289062500000000e-01
-5.872965332031248042e-01,-9.338378906250000000e-02,1.977539062500000000e-01,-1.330566406250000000e-02,3.071289062500000000e-01
-5.872965332031248042e-01,-9.338378906250000000e-02,1.977539062500000000e-01,-6.579589843750000000e-02,4.213867187500000000e-01
-5.872965332031248042e-01,-2.075195312500000000e-03,3.374023437500000000e-01,-1.330566406250000000e-02,4.213867187500000000e-01
-2.260135302734374907e+00,-9.338378906250000000e-02,3.374023437500000000e-01,-1.330566406250000000e-02,4.213867187500000000e-01
-2.260135302734374907e+00,-2.075195312500000000e-03,1.977539062500000000e-01,-1.330566406250000000e-02,4.213867187500000000e-01
-2.260135302734374907e+00,-2.075195312500000000e-03,3.374023437500000000e-01,-6.579589843750000000e-02,4.213867187500000000e-01
-2.260135302734374907e+00,-2.075195312500000000e-03,3.374023437500000000e-01,-1.330566406250000000e-02,3.071289062500000000e-01
-2.260135302734374907e+00,-2.075195312500000000e-03,3.374023437500000000e-01,-1.330566406250000000e-02,4.213867187500000000e-01
-1.859946533203125085e+00,3.161621093750000000e-02,6.977539062500000000e-01,5.920410156250000000e-02,8.071289062500000000e-01
-9.874853027343748479e-01,3.161621093750000000e-02,6.977539062500000000e-01,5.920410156250000000e-02,8.071289062500000000e-01
-1.859946533203125085e+00,1.229248046875000000e-01,6.977539062500000000e-01,5.920410156250000000e-02,8.071289062500000000e-01
-1.859946533203125085e+00,3.161621093750000000e-02,8.374023437500000000e-01,5.920410156250000000e-02,8.071289062500000000e-01
-1.859946533203125085e+00,3.161621093750000000e-02,6.977539062500000000e-01,1.116943359375000000e-01,8.071289062500000000e-01
-1.859946533203125085e+00,3.161621093750000000e-02,6.977539062500000000e-01,5.920410156250000000e-02,9.213867187500000000e-01
-1.859946533203125085e+00,1.229248046875000000e-01,8.374023437500000000e-01,1.116943359375000000e-01,9.213867187500000000e-01
-9.874853027343748479e-01,3.161621093750000000e-02,8.374023437500000000e-01,1.116943359375000000e-01,9.213867187500000000e-01
-9.874853027343748479e-01,1.229248046875000000e-01,6.977539062500000000e-01,1.116943359375000000e-01,9.213867187500000000e-01
-9.874853027343748479e-01,1.229248046875000000e-01,8.374023437500000000e-01,5.920410156250000000e-02,9.213867187500000000e-01
-9.874853027343748479e-01,1.229248046875000000e-01,8.374023437500000000e-01,1.116943359375000000e-01,8.071289062500000000e-01
-9.874853027343748479e-01,1.229248046875000000e-01,8.374023437500000000e-01,1.116943359375000000e-01,9.213867187500000000e-01
-1.541784033203124959e+00,-1.246337890625000000e-01,8.227539062500000000e-01,2.795410156250000000e-02,9.321289062500000000e-01
-3.299780273437491473e-02,-1.246337890625000000e-01,8.227539062500000000e-01,2.795410156250000000e-02,9.321289062500000000e-01
-1.541784033203124959e+00,-3.332519531250000000e-02,8.227539062500000000e-01,2.795410156250000000e-02,9.321289062500000000e-01
-1.541784033203124959e+00,-1.246337890625000000e-01,4.624023437500000000e-01,2.795410156250000000e-02,9.321289062500000000e-01
-1.541784033203124959e+00,-1.246337890625000000e-01,8.227539062500000000e-01,-4.455566406250000000e-02,9.321289062500000000e-01
-1.541784033203124959e+00,-1.246337890625000000e-01,8.227539062500000000e-01,2.795410156250000000e-02,4.638671875000000000e-02
-1.541784033203124959e+00,-3.332519531250000000e-02,4.624023437500000000e-01,-4.455566406250000000e-02,4.638671875000000000e-02
-3.299780273437491473e-02,-1.246337890625000000e-01,4.624023437500000000e-01,-4.455566406250000000e-02,4.638671875000000000e-02
-3.299780273437491473e-02,-3.332519531250000000e-02,8.227539062500000000e-01,-4.455566406250000000e-02,4.638671875000000000e-02
-3.299780273437491473e-02,-3.332519531250000000e-02,4.624023437500000000e-01,2.795410156250000000e-02,4.638671875000000000e-02
-3.299780273437491473e-02,-3.332519531250000000e-02,4.624023437500000000e-01,-4.455566406250000000e-02,9.321289062500000000e-01
-3.299780273437491473e-02,-3.332519531250000000e-02,4.624023437500000000e-01,-4.455566406250000000e-02,4.638671875000000000e-02
-2.691340332031249005e-01,3.662109375000000000e-04,3.227539062500000000e-01,-9.704589843750000000e-02,4.321289062500000000e-01
-1.305647802734374974e+00,3.662109375000000000e-04,3.227539062500000000e-01,-9.704589843750000000e-02,4.321289062500000000e-01
-2.691340332031249005e-01,9.167480468750000000e-02,3.227539062500000000e-01,-9.704589843750000000e-02,4.321289062500000000e-01
-2.691340332031249005e-01,3.662109375000000000e-04,9.624023437500000000e-01,-9.704589843750000000e-02,4.321289062500000000e-01
-2.691340332031249005e-01,3.662109375000000000e-04,3.227539062500000000e-01,8.044433593750000000e-02,4.321289062500000000e-01
-2.691340332031249005e-01,3.662109375000000000e-04,3.227539062500000000e-01,-9.704589843750000000e-02,5.463867187500000000e-01
-2.691340332031249005e-01,9.167480468750000000e-02,9.624023437500000000e-01,8.044433593750000000e-02,5.463867187500000000e-01
-1.305647802734374974e+00,3.662109375000000000e-04,9.624023437500000000e-01,8.044433593750000000e-02,5.463867187500000000e-01
-1.305647802734374974e+00,9.167480468750000000e-02,3.227539062500000000e-01,8.044433593750000000e-02,5.463867187500000000e-01
-1.305647802734374974e+00,9.167480468750000000e-02,9.624023437500000000e-01,-9.704589843750000000e-02,5.463867187500000000e-01
-1.305647802734374974e+00,9.167480468750000000e-02,9.624023437500000000e-01,8.044433593750000000e-02,4.321289062500000000e-01
-1.305647802734374974e+00,9.167480468750000000e-02,9.624023437500000000e-01,8.044433593750000000e-02,5.463867187500000000e-01
-9.054590332031249300e-01,-6.213378906250000000e-02,5.727539062500000000e-01,9.045410156250000000e-02,1.821289062500000000e-01
-1.941972802734375003e+00,-6.213378906250000000e-02,5.727539062500000000e-01,9.045410156250000000e-02,1.821289062500000000e-01
-9.054590332031249300e-01,-9.582519531250000000e-02,5.727539062500000000e-01,9.045410156250000000e-02,1.821289062500000000e-01
-9.054590332031249300e-01,-6.213378906250000000e-02,7.124023437500000000e-01,9.045410156250000000e-02,1.821289062500000000e-01
-9.054590332031249300e-01,-6.213378906250000000e-02,5.727539062500000000e-01,1.794433593750000000e-02,1.821289062500000000e-01
-9.054590332031249300e-01,-6.213378906250000000e-02,5.727539062500000000e-01,9.045410156250000000e-02,7.963867187500000000e-01
-9.054590332031249300e-01,-9.582519531250000000e-02,7.124023437500000000e-01,1.794433593750000000e-02,7.963867187500000000e-01
-1.941972802734375003e+00,-6.213378906250000000e-02,7.124023437500000000e-01,1.794433593750000000e-02,7.963867187500000000e-01
-1.941972802734375003e+00,-9.582519531250000000e-02,5.727539062500000000e-01,1.794433593750000000e-02,7.963867187500000000e-01
-1.941972802734375003e+00,-9.582519531250000000e-02,7.124023437500000000e-01,9.045410156250000000e-02,7.963867187500000000e-01
-1.941972802734375003e+00,-9.582519531250000000e-02,7.124023437500000000e-01,1.794433593750000000e-02,1.821289062500000000e-01
-1.941972802734375003e+00,-9.582519531250000000e-02,7.124023437500000000e-01,1.794433593750000000e-02,7.963867187500000000e-01
-2.178109033203124767e+00,6.286621093750000000e-02,7.275390625000000000e-02,-3.454589843750000000e-02,6.821289062500000000e-01
-6.693228027343749442e-01,6.286621093750000000e-02,7.275390625000000000e-02,-3.454589843750000000e-02,6.821289062500000000e-01
-2.178109033203124767e+00,2.917480468750000000e-02,7.275390625000000000e-02,-3.454589843750000000e-02,6.821289062500000000e-01
-2.178109033203124767e+00,6.286621093750000000e-02,2.124023437500000000e-01,-3.454589843750000000e-02,6.821289062500000000e-01
-2.178109033203124767e+00,6.286621093750000000e-02,7.275390625000000000e-02,-1.070556640625000000e-01,6.821289062500000000e-01
-2.178109033203124767e+00,6.286621093750000000e-02,7.275390625000000000e-02,-3.454589843750000000e-02,2.963867187500000000e-01
-2.178109033203124767e+00,2.917480468750000000e-02,2.124023437500000000e-01,-1.070556640625000000e-01,2.963867187500000000e-01
-6.693228027343749442e-01,6.286621093750000000e-02,2.124023437500000000e-01,-1.070556640625000000e-01,2.963867187500000000e-01
-6.693228027343749442e-01,2.917480468750000000e-02,7.275390625000000000e-02,-1.070556640625000000e-01,2.963867187500000000e-01
-6.693228027343749442e-01,2.917480468750000000e-02,2.124023437500000000e-01,-3.454589843750000000e-02,2.963867187500000000e-01
-6.693228027343749442e-01,2.917480468750000000e-02,2.124023437500000000e-01,-1.070556640625000000e-01,6.821289062500000000e-01
-6.693228027343749442e-01,2.917480468750000000e-02,2.124023437500000000e-01,-1.070556640625000000e-01,2.963867187500000000e-01
-2.019027783203124926e+00,-7.775878906250000000e-02,5.102539062500000000e-01,-1.126708984375000000e-01,1.196289062500000000e-01
-1.146566552734374911e+00,-7.775878906250000000e-02,5.102539062500000000e-01,-1.126708984375000000e-01,1.196289062500000000e-01
-2.019027783203124926e+00,-4.895019531250000000e-02,5.102539062500000000e-01,-1.126708984375000000e-01,1.196289062500000000e-01
-2.019027783203124926e+00,-7.775878906250000000e-02,3.999023437500000000e-01,-1.126708984375000000e-01,1.196289062500000000e-01
-2.019027783203124926e+00,-7.775878906250000000e-02,5.102539062500000000e-01,-6.018066406250000000e-02,1.196289062500000000e-01
-2.019027783203124926e+00,-7.775878906250000000e-02,5.102539062500000000e-01,-1.126708984375000000e-01,9.838867187500000000e-01
-2.019027783203124926e+00,-4.895019531250000000e-02,3.999023437500000000e-01,-6.018066406250000000e-02,9.838867187500000000e-01
-1.146566552734374911e+00,-7.775878906250000000e-02,3.999023437500000000e-01,-6.018066406250000000e-02,9.838867187500000000e-01
-1.146566552734374911e+00,-4.895019531250000000e-02,5.102539062500000000e-01,-6.018066406250000000e-02,9.838867187500000000e-01
-1.146566552734374911e+00,-4.895019531250000000e-02,3.999023437500000000e-01,-1.126708984375000000e-01,9.838867187500000000e-01
-1.146566552734374911e+00,-4.895019531250000000e-02,3.999023437500000000e-01,-6.018066406250000000e-02,1.196289062500000000e-01
-1.146566552734374911e+00,-4.895019531250000000e-02,3.999023437500000000e-01,-6.018066406250000000e-02,9.838867187500000000e-01
-7.463777832031248671e-01,4.724121093750000000e-02,1.025390625000000000e-02,1.232910156250000000e-02,6.196289062500000000e-01
-2.419216552734375192e+00,4.724121093750000000e-02,1.025390625000000000e-02,1.232910156250000000e-02,6.196289062500000000e-01
-7.463777832031248671e-01,7.604980468750000000e-02,1.025390625000000000e-02,1.232910156250000000e-02,6.196289062500000000e-01
-7.463777832031248671e-01,4.724121093750000000e-02,8.999023437500000000e-01,1.232910156250000000e-02,6.196289062500000000e-01
-7.463777832031248671e-01,4.724121093750000000e-02,1.025390625000000000e-02,6.481933593750000000e-02,6.196289062500000000e-01
-7.463777832031248671e-01,4.724121093750000000e-02,1.025390625000000000e-02,1.232910156250000000e-02,4.838867187500000000e-01
-7.463777832031248671e-01,7.604980468750000000e-02,8.999023437500000000e-01,6.481933593750000000e-02,4.838867187500000000e-01
-2.419216552734375192e+00,4.724121093750000000e-02,8.999023437500000000e-01,6.481933593750000000e-02,4.838867187500000000e-01
-2.419216552734375192e+00,7.604980468750000000e-02,1.025390625000000000e-02,6.481933593750000000e-02,4.838867187500000000e-01
-2.419216552734375192e+00,7.604980468750000000e-02,8.999023437500000000e-01,1.232910156250000000e-02,4.838867187500000000e-01
-2.419216552734375192e+00,7.604980468750000000e-02,8.999023437500000000e-01,6.481933593750000000e-02,6.196289062500000000e-01
-2.419216552734375192e+00,7.604980468750000000e-02,8.999023437500000000e-01,6.481933593750000000e-02,4.838867187500000000e-01
-1.100527832031250597e-01,-1.525878906250000000e-02,7.602539062500000000e-01,-5.017089843750000000e-02,8.696289062500000000e-01
-1.782891552734374940e+00,-1.525878906250000000e-02,7.602539062500000000e-01,-5.017089843750000000e-02,8.696289062500000000e-01
-1.100527832031250597e-01,-1.114501953125000000e-01,7.602539062500000000e-01,-5.017089843750000000e-02,8.696289062500000000e-01
-1.100527832031250597e-01,-1.525878906250000000e-02,6.499023437500000000e-01,-5.017089843750000000e-02,8.696289062500000000e-01
-1.100527832031250597e-01,-1.525878906250000000e-02,7.602539062500000000e-01,2.319335937500000000e-03,8.696289062500000000e-01
-1.100527832031250597e-01,-1.525878906250000000e-02,7.602539062500000000e-01,-5.017089843750000000e-02,2.338867187500000000e-01
-1.100527832031250597e-01,-1.114501953125000000e-01,6.499023437500000000e-01,2.319335937500000000e-03,2.338867187500000000e-01
-1.782891552734374940e+00,-1.525878906250000000e-02,6.499023437500000000e-01,2.319335937500000000e-03,2.338867187500000000e-01
-1.782891552734374940e+00,-1.114501953125000000e-01,7.602539062500000000e-01,2.319335937500000000e-03,2.338867187500000000e-01
-1.782891552734374940e+00,-1.114501953125000000e-01,6.499023437500000000e-01,-5.017089843750000000e-02,2.338867187500000000e-01
-1.782891552734374940e+00,-1.114501953125000000e-01,6.499023437500000000e-01,2.319335937500000000e-03,8.696289062500000000e-01
-1.782891552734374940e+00,-1.114501953125000000e-01,6.499023437500000000e-01,2.319335937500000000e-03,2.338867187500000000e-01
